{
  "best_value": 0.6469172130321832,
  "best_params": {
    "random_state": 42,
    "max_iter": 5000,
    "penalty": "elasticnet",
    "C": 0.0010714845538373145,
    "l1_ratio": 0.9225833997090791,
    "solver": "saga"
  }
}