{
  "split": {
    "test_last_n_years": 2,
    "test_years": [
      2022,
      2023
    ],
    "trainval_years": [
      2014,
      2015,
      2016,
      2017,
      2018,
      2019,
      2020,
      2021
    ],
    "final_train_years": [
      2014,
      2015,
      2016,
      2017,
      2018,
      2019,
      2020
    ],
    "final_val_years": [
      2021
    ],
    "walkforward_folds": [
      {
        "train": [
          2014,
          2015,
          2016,
          2017,
          2018
        ],
        "val": [
          2019
        ]
      },
      {
        "train": [
          2014,
          2015,
          2016,
          2017,
          2018,
          2019
        ],
        "val": [
          2020
        ]
      },
      {
        "train": [
          2014,
          2015,
          2016,
          2017,
          2018,
          2019,
          2020
        ],
        "val": [
          2021
        ]
      }
    ]
  },
  "tuning": {
    "method": "optuna_tpe_walkforward_cv",
    "model": "logistic_regression",
    "n_trials": 50,
    "optimize_metric": "auc",
    "best_value_mean_cv": 0.6245661470521116,
    "best_params": {
      "random_state": 42,
      "max_iter": 5000,
      "penalty": "l1",
      "solver": "liblinear",
      "C": 0.003068255477607128
    }
  },
  "preprocessing": {
    "winsor_p_low": 0.01,
    "winsor_p_high": 0.99,
    "mean_imputation": true,
    "missing_indicators": true,
    "standardize": false,
    "fit_scope": "fit on each split's training data only; applied to train/val/test accordingly"
  },
  "class_imbalance_handling": {
    "xgb_like": true,
    "scale_pos_weight": 0.967482938578884,
    "implementation": "sample_weight: positives weighted by scale_pos_weight (estimated on final_train_years)"
  },
  "threshold_selection": {
    "optimized_on": "final_val_years",
    "criterion": "max_accuracy",
    "best_threshold": 0.5049999999999999,
    "best_score_on_final_val": 0.5960536700868193
  },
  "final_val_metrics_at_threshold": {
    "auc": 0.6235362695885219,
    "ap": 0.6026474180997954,
    "accuracy": 0.5960536700868193,
    "f1": 0.42455588036878794,
    "precision": 0.6186107470511141,
    "recall": 0.32317699418007534,
    "tn": 2832,
    "fp": 582,
    "fn": 1977,
    "tp": 944
  },
  "test_metrics_at_val_threshold": {
    "auc": 0.6351608367536079,
    "ap": 0.621833947511571,
    "accuracy": 0.5956133225020309,
    "f1": 0.4516413306895792,
    "precision": 0.6272949816401469,
    "recall": 0.3528399311531842,
    "tn": 5282,
    "fp": 1218,
    "fn": 3760,
    "tp": 2050
  }
}