{
  "best_value": 0.7305219888400183,
  "best_params": {
    "objective": "binary:logistic",
    "eval_metric": "auc",
    "tree_method": "hist",
    "seed": 42,
    "eta": 0.04192424364707381,
    "max_depth": 7,
    "min_child_weight": 20.385383914616654,
    "subsample": 0.6909702260015494,
    "colsample_bytree": 0.6291526854902044,
    "lambda": 0.9775095596141534,
    "alpha": 0.0010602532439088809,
    "gamma": 3.4280811780876874,
    "scale_pos_weight": 0.9906866614048935
  }
}