{
  "split": {
    "test_last_n_years": 2,
    "test_years": [
      2022,
      2023
    ],
    "trainval_years": [
      2014,
      2015,
      2016,
      2017,
      2018,
      2019,
      2020,
      2021
    ],
    "final_train_years": [
      2014,
      2015,
      2016,
      2017,
      2018,
      2019,
      2020
    ],
    "final_val_years": [
      2021
    ],
    "walkforward_folds": [
      {
        "train": [
          2014,
          2015,
          2016,
          2017,
          2018
        ],
        "val": [
          2019
        ]
      },
      {
        "train": [
          2014,
          2015,
          2016,
          2017,
          2018,
          2019
        ],
        "val": [
          2020
        ]
      },
      {
        "train": [
          2014,
          2015,
          2016,
          2017,
          2018,
          2019,
          2020
        ],
        "val": [
          2021
        ]
      }
    ]
  },
  "tuning": {
    "method": "optuna_tpe_walkforward_cv",
    "n_trials": 50,
    "optimize_metric": "auc",
    "best_value_mean_cv": 0.7278309626297829,
    "best_params": {
      "objective": "binary:logistic",
      "eval_metric": "auc",
      "tree_method": "hist",
      "seed": 42,
      "scale_pos_weight": 0.967482938578884,
      "eta": 0.01896491457466078,
      "max_depth": 8,
      "min_child_weight": 4.469546062066412,
      "subsample": 0.789345784116843,
      "colsample_bytree": 0.6567359095573228,
      "lambda": 0.024306152044413113,
      "alpha": 0.0009582933109148046,
      "gamma": 1.8294852314204115
    }
  },
  "threshold_selection": {
    "optimized_on": "final_val_years",
    "criterion": "max_accuracy",
    "best_threshold": 0.5099999999999999,
    "best_score_on_final_val": 0.6560378847671665
  },
  "final_val_metrics_at_threshold": {
    "auc": 0.7229555205652781,
    "ap": 0.7010128843912152,
    "accuracy": 0.6560378847671665,
    "f1": 0.6187226596675416,
    "precision": 0.6327845382963493,
    "recall": 0.6052721670660732,
    "tn": 2388,
    "fp": 1026,
    "fn": 1153,
    "tp": 1768
  },
  "test_metrics_at_val_threshold": {
    "auc": 0.729130041043294,
    "ap": 0.7117082445993608,
    "accuracy": 0.6571080422420796,
    "f1": 0.6438275251033668,
    "precision": 0.6315179606025493,
    "recall": 0.6566265060240963,
    "tn": 4274,
    "fp": 2226,
    "fn": 1995,
    "tp": 3815
  }
}