{
  "split": {
    "test_last_n_years": 2,
    "test_years": [
      2022,
      2023
    ],
    "trainval_years": [
      2014,
      2015,
      2016,
      2017,
      2018,
      2019,
      2020,
      2021
    ],
    "final_train_years": [
      2014,
      2015,
      2016,
      2017,
      2018,
      2019,
      2020
    ],
    "final_val_years": [
      2021
    ],
    "walkforward_folds": [
      {
        "train": [
          2014,
          2015,
          2016,
          2017,
          2018
        ],
        "val": [
          2019
        ]
      },
      {
        "train": [
          2014,
          2015,
          2016,
          2017,
          2018,
          2019
        ],
        "val": [
          2020
        ]
      },
      {
        "train": [
          2014,
          2015,
          2016,
          2017,
          2018,
          2019,
          2020
        ],
        "val": [
          2021
        ]
      }
    ]
  },
  "tuning": {
    "method": "optuna_tpe_walkforward_cv",
    "n_trials": 50,
    "optimize_metric": "auc",
    "best_value_mean_cv": 0.7359678134966531,
    "best_params": {
      "objective": "binary:logistic",
      "eval_metric": "auc",
      "tree_method": "hist",
      "seed": 42,
      "scale_pos_weight": 0.967482938578884,
      "eta": 0.019407334819377568,
      "max_depth": 7,
      "min_child_weight": 17.569083703965177,
      "subsample": 0.8566880772987617,
      "colsample_bytree": 0.7839091179543534,
      "lambda": 0.010607795026559416,
      "alpha": 0.007495849797769732,
      "gamma": 0.3072837541630322
    }
  },
  "threshold_selection": {
    "optimized_on": "final_val_years",
    "criterion": "max_f1",
    "best_threshold": 0.3,
    "best_score_on_final_val": 0.6795495264909137
  },
  "final_val_metrics_at_threshold": {
    "auc": 0.7373613333100689,
    "ap": 0.7176791219743747,
    "accuracy": 0.6047355958958169,
    "f1": 0.6795495264909137,
    "precision": 0.542611894543225,
    "recall": 0.9089352961314618,
    "tn": 1176,
    "fp": 2238,
    "fn": 266,
    "tp": 2655
  },
  "test_metrics_at_val_threshold": {
    "auc": 0.7455254865616312,
    "ap": 0.7263466215137838,
    "accuracy": 0.6048740861088546,
    "f1": 0.6900726392251816,
    "precision": 0.5478551193848644,
    "recall": 0.9320137693631669,
    "tn": 2031,
    "fp": 4469,
    "fn": 395,
    "tp": 5415
  }
}