{
  "split": {
    "test_last_n_years": 2,
    "test_years": [
      2022,
      2023
    ],
    "trainval_years": [
      2014,
      2015,
      2016,
      2017,
      2018,
      2019,
      2020,
      2021
    ],
    "final_train_years": [
      2014,
      2015,
      2016,
      2017,
      2018,
      2019,
      2020
    ],
    "final_val_years": [
      2021
    ],
    "walkforward_folds": [
      {
        "train": [
          2014,
          2015,
          2016,
          2017,
          2018
        ],
        "val": [
          2019
        ]
      },
      {
        "train": [
          2014,
          2015,
          2016,
          2017,
          2018,
          2019
        ],
        "val": [
          2020
        ]
      },
      {
        "train": [
          2014,
          2015,
          2016,
          2017,
          2018,
          2019,
          2020
        ],
        "val": [
          2021
        ]
      }
    ]
  },
  "tuning": {
    "method": "optuna_tpe_walkforward_cv",
    "n_trials": 50,
    "optimize_metric": "auc",
    "best_value_mean_cv": 0.7305219888400183,
    "best_params_final_fit": {
      "objective": "binary:logistic",
      "eval_metric": "auc",
      "tree_method": "hist",
      "seed": 42,
      "eta": 0.04192424364707381,
      "max_depth": 7,
      "min_child_weight": 20.385383914616654,
      "subsample": 0.6909702260015494,
      "colsample_bytree": 0.6291526854902044,
      "lambda": 0.9775095596141534,
      "alpha": 0.0010602532439088809,
      "gamma": 3.4280811780876874,
      "scale_pos_weight": 0.967482938578884
    },
    "best_params_refit_saved_model": {
      "objective": "binary:logistic",
      "eval_metric": "auc",
      "tree_method": "hist",
      "seed": 42,
      "eta": 0.04192424364707381,
      "max_depth": 7,
      "min_child_weight": 20.385383914616654,
      "subsample": 0.6909702260015494,
      "colsample_bytree": 0.6291526854902044,
      "lambda": 0.9775095596141534,
      "alpha": 0.0010602532439088809,
      "gamma": 3.4280811780876874,
      "scale_pos_weight": 0.9906866614048935
    }
  },
  "threshold_selection": {
    "optimized_on": "oof_walkforward_folds",
    "criterion": "max_accuracy",
    "best_threshold": 0.5249999999999999,
    "best_score_on_oof": 0.6585235186970964
  },
  "final_val_metrics_at_threshold": {
    "auc": 0.7233129107505254,
    "ap": 0.7020110306729522,
    "accuracy": 0.652249408050513,
    "f1": 0.5987980331451466,
    "precision": 0.6396887159533073,
    "recall": 0.5628209517288599,
    "tn": 2488,
    "fp": 926,
    "fn": 1277,
    "tp": 1644
  },
  "test_metrics_at_val_threshold": {
    "auc": 0.728231868131868,
    "ap": 0.7094605851606408,
    "accuracy": 0.656701868399675,
    "f1": 0.6346818810511756,
    "precision": 0.6375477596387634,
    "recall": 0.63184165232358,
    "tn": 4413,
    "fp": 2087,
    "fn": 2139,
    "tp": 3671
  }
}