{
  "best_value": 0.7218065596640733,
  "best_params": {
    "n_estimators": 312,
    "max_depth": 10,
    "min_samples_split": 33,
    "min_samples_leaf": 9,
    "max_features": 0.43331824852878853
  }
}