{
  "best_value": 0.7217215019932439,
  "best_params": {
    "n_estimators": 285,
    "max_depth": 10,
    "min_samples_split": 39,
    "min_samples_leaf": 6,
    "max_features": 0.4607466203112713
  }
}