{
  "best_value": 0.7385429069780735,
  "best_params": {
    "objective": "binary:logistic",
    "eval_metric": "auc",
    "tree_method": "hist",
    "seed": 42,
    "scale_pos_weight": 0.967482938578884,
    "eta": 0.043840521025945475,
    "max_depth": 5,
    "min_child_weight": 1.2348161824392867,
    "subsample": 0.8802900234485408,
    "colsample_bytree": 0.7347751249368879,
    "lambda": 9.898090396964601,
    "alpha": 0.0031520207729349983,
    "gamma": 0.02380651343255451
  }
}