{
  "best_value": 0.724149227850683,
  "best_params": {
    "objective": "binary:logistic",
    "eval_metric": "auc",
    "tree_method": "hist",
    "seed": 42,
    "scale_pos_weight": 0.967482938578884,
    "eta": 0.06804652196459096,
    "max_depth": 6,
    "min_child_weight": 15.618714179595443,
    "subsample": 0.9080635040498882,
    "colsample_bytree": 0.8444959474166448,
    "lambda": 0.02759872262849043,
    "alpha": 0.12341379612727599,
    "gamma": 0.008073780926083367
  }
}