{
  "research_question": "Predict ROA improvement: y=1 if ROA(t+1)>ROA(t), else 0; using year-t financial ratios",
  "split": {
    "method": "time_split_by_fyear",
    "n_train": 44109,
    "n_val": 6335,
    "n_test": 12310,
    "years_train_minmax": [
      2014,
      2020
    ],
    "years_val_minmax": [
      2021,
      2021
    ],
    "years_test_minmax": [
      2022,
      2023
    ]
  },
  "class_balance": {
    "pos_rate_train": 0.5082636196694552,
    "pos_rate_val": 0.4610891870560379,
    "pos_rate_test": 0.4719740048740861,
    "scale_pos_weight_used": 0.967482938578884
  },
  "missing_handling": {
    "imputation": "none",
    "xgboost_missing_value": "np.nan",
    "add_missing_indicators": false
  },
  "tuning": {
    "enabled": true,
    "n_trials": 50,
    "optimize_metric": "auc",
    "optuna_trials_csv": "C:\\Users\\phili\\Desktop\\Uni Doku\\BWL Master\\3. Semester\\AI in Finance\\data_science_project\\task_data\\models_optuna\\optuna_trials.csv",
    "best_params_json": "C:\\Users\\phili\\Desktop\\Uni Doku\\BWL Master\\3. Semester\\AI in Finance\\data_science_project\\task_data\\models_optuna\\best_params.json"
  },
  "model": {
    "best_iteration": 262,
    "params": {
      "objective": "binary:logistic",
      "eval_metric": "auc",
      "tree_method": "hist",
      "seed": 42,
      "scale_pos_weight": 0.967482938578884,
      "eta": 0.06804652196459096,
      "max_depth": 6,
      "min_child_weight": 15.618714179595443,
      "subsample": 0.9080635040498882,
      "colsample_bytree": 0.8444959474166448,
      "lambda": 0.02759872262849043,
      "alpha": 0.12341379612727599,
      "gamma": 0.008073780926083367
    }
  },
  "threshold_selection": {
    "optimized_on": "validation",
    "criterion": "max_accuracy",
    "best_threshold": 0.48499999999999993,
    "best_score_on_val": 0.6538279400157854
  },
  "val_metrics_at_best_threshold": {
    "auc": 0.724149227850683,
    "ap": 0.7029306277857812,
    "accuracy": 0.6538279400157854,
    "f1": 0.6358957330234103,
    "precision": 0.6173436492585429,
    "recall": 0.655597398151318,
    "tn": 2227,
    "fp": 1187,
    "fn": 1006,
    "tp": 1915
  },
  "test_metrics_at_val_threshold": {
    "auc": 0.72775450814246,
    "ap": 0.7099278688955457,
    "accuracy": 0.6517465475223395,
    "f1": 0.6561873446146443,
    "precision": 0.6143565099864845,
    "recall": 0.7041308089500861,
    "tn": 3932,
    "fp": 2568,
    "fn": 1719,
    "tp": 4091
  }
}