{
  "research_question": "Predict ROA improvement: y=1 if ROA(t+1)>ROA(t), else 0; using year-t financial ratios",
  "split": {
    "method": "time_split_by_fyear",
    "n_train": 44109,
    "n_val": 6335,
    "n_test": 12310,
    "years_train_minmax": [
      2014,
      2020
    ],
    "years_val_minmax": [
      2021,
      2021
    ],
    "years_test_minmax": [
      2022,
      2023
    ]
  },
  "class_balance": {
    "pos_rate_train": 0.5082636196694552,
    "pos_rate_val": 0.4610891870560379,
    "pos_rate_test": 0.4719740048740861,
    "scale_pos_weight_used": 0.967482938578884
  },
  "missing_handling": {
    "imputation": "none",
    "xgboost_missing_value": "np.nan",
    "add_missing_indicators": false
  },
  "tuning": {
    "enabled": true,
    "n_trials": 50,
    "optimize_metric": "auc",
    "optuna_trials_csv": "C:\\Users\\phili\\Desktop\\Uni Doku\\BWL Master\\3. Semester\\AI in Finance\\data_science_project\\task_data\\models_optuna\\optuna_trials.csv",
    "best_params_json": "C:\\Users\\phili\\Desktop\\Uni Doku\\BWL Master\\3. Semester\\AI in Finance\\data_science_project\\task_data\\models_optuna\\best_params.json"
  },
  "model": {
    "best_iteration": 806,
    "params": {
      "objective": "binary:logistic",
      "eval_metric": "auc",
      "tree_method": "hist",
      "seed": 42,
      "scale_pos_weight": 0.967482938578884,
      "eta": 0.043840521025945475,
      "max_depth": 5,
      "min_child_weight": 1.2348161824392867,
      "subsample": 0.8802900234485408,
      "colsample_bytree": 0.7347751249368879,
      "lambda": 9.898090396964601,
      "alpha": 0.0031520207729349983,
      "gamma": 0.02380651343255451
    }
  },
  "threshold_selection": {
    "optimized_on": "validation",
    "criterion": "max_accuracy",
    "best_threshold": 0.5299999999999999,
    "best_score_on_val": 0.668034727703236
  },
  "val_metrics_at_best_threshold": {
    "auc": 0.7385429069780735,
    "ap": 0.7171327613421129,
    "accuracy": 0.668034727703236,
    "f1": 0.6078687301883274,
    "precision": 0.6674856674856675,
    "recall": 0.5580280725778843,
    "tn": 2602,
    "fp": 812,
    "fn": 1291,
    "tp": 1630
  },
  "test_metrics_at_val_threshold": {
    "auc": 0.744415927446048,
    "ap": 0.7237508087431241,
    "accuracy": 0.6731112916328188,
    "f1": 0.643325651480234,
    "precision": 0.6631944444444444,
    "recall": 0.6246127366609294,
    "tn": 4657,
    "fp": 1843,
    "fn": 2181,
    "tp": 3629
  }
}