{
  "best_value": 0.729799278737384,
  "best_params": {
    "objective": "binary:logistic",
    "eval_metric": "auc",
    "tree_method": "hist",
    "seed": 42,
    "eta": 0.013235487598336192,
    "max_depth": 6,
    "min_child_weight": 49.8813419769294,
    "subsample": 0.9970211008826345,
    "colsample_bytree": 0.8433716452693948,
    "lambda": 0.06374502773271665,
    "alpha": 0.42701581693161855,
    "gamma": 0.025482019854772983,
    "scale_pos_weight": 0.9906866614048935
  }
}