{
  "split": {
    "test_last_n_years": 2,
    "test_years": [
      2022,
      2023
    ],
    "trainval_years": [
      2014,
      2015,
      2016,
      2017,
      2018,
      2019,
      2020,
      2021
    ],
    "final_train_years": [
      2014,
      2015,
      2016,
      2017,
      2018,
      2019,
      2020
    ],
    "final_val_years": [
      2021
    ],
    "walkforward_folds": [
      {
        "train": [
          2014,
          2015,
          2016,
          2017,
          2018
        ],
        "val": [
          2019
        ]
      },
      {
        "train": [
          2014,
          2015,
          2016,
          2017,
          2018,
          2019
        ],
        "val": [
          2020
        ]
      },
      {
        "train": [
          2014,
          2015,
          2016,
          2017,
          2018,
          2019,
          2020
        ],
        "val": [
          2021
        ]
      }
    ]
  },
  "tuning": {
    "method": "optuna_tpe_walkforward_cv",
    "n_trials": 50,
    "optimize_metric": "auc",
    "best_value_mean_cv": 0.729799278737384,
    "best_params_final_fit": {
      "objective": "binary:logistic",
      "eval_metric": "auc",
      "tree_method": "hist",
      "seed": 42,
      "eta": 0.013235487598336192,
      "max_depth": 6,
      "min_child_weight": 49.8813419769294,
      "subsample": 0.9970211008826345,
      "colsample_bytree": 0.8433716452693948,
      "lambda": 0.06374502773271665,
      "alpha": 0.42701581693161855,
      "gamma": 0.025482019854772983,
      "scale_pos_weight": 0.967482938578884
    }
  },
  "preprocessing": {
    "winsor_p_low": 0.01,
    "winsor_p_high": 0.99,
    "mean_imputation": true,
    "missing_indicators": true,
    "fit_scope": "fit on each split's training data only; applied to train/val/test accordingly"
  },
  "threshold_selection": {
    "optimized_on": "oof_walkforward_folds",
    "criterion": "max_accuracy",
    "best_threshold": 0.5149999999999999,
    "best_score_on_oof": 0.6596485588771027
  },
  "final_val_metrics_at_threshold": {
    "auc": 0.7231356696864332,
    "ap": 0.7013102083356926,
    "accuracy": 0.6560378847671665,
    "f1": 0.6101270352478082,
    "precision": 0.639055472263868,
    "recall": 0.5837042108866827,
    "tn": 2451,
    "fp": 963,
    "fn": 1216,
    "tp": 1705
  },
  "test_metrics_at_val_threshold": {
    "auc": 0.7273716271680127,
    "ap": 0.7084478612552119,
    "accuracy": 0.6559707554833468,
    "f1": 0.6407058623907695,
    "precision": 0.6317550610674252,
    "recall": 0.6499139414802065,
    "tn": 4299,
    "fp": 2201,
    "fn": 2034,
    "tp": 3776
  }
}